try_number,demand_scenario,preemption_strategy,hold_duration,priority_enabled,priority_distance,vehicle_id,start_time,end_time,travel_time
1,normal,none,0,False,0.0,0,1.0,16.0,15.0
1,normal,none,0,False,0.0,13,25.0,46.0,21.0
1,normal,none,0,False,0.0,8,16.0,57.0,41.0
1,normal,none,0,False,0.0,4,9.0,58.0,49.0
1,normal,none,0,False,0.0,19,36.0,72.0,36.0
1,normal,none,0,False,0.0,31,57.0,89.0,32.0
1,normal,none,0,False,0.0,36,66.0,90.0,24.0
1,normal,none,0,False,0.0,40,73.0,90.0,17.0
1,normal,none,0,False,0.0,30,55.0,93.0,38.0
1,normal,none,0,False,0.0,53,97.0,105.0,8.0
1,normal,none,0,False,0.0,3,7.0,106.0,99.0
1,normal,none,0,False,0.0,26,48.0,108.0,60.0
1,normal,none,0,False,0.0,10,19.0,113.0,94.0
1,normal,none,0,False,0.0,34,63.0,123.0,60.0
1,normal,none,0,False,0.0,49,90.0,123.0,33.0
1,normal,none,0,False,0.0,59,108.0,123.0,15.0
1,normal,none,0,False,0.0,62,116.0,125.0,9.0
1,normal,none,0,False,0.0,1,3.0,126.0,123.0
1,normal,none,0,False,0.0,21,39.0,126.0,87.0
1,normal,none,0,False,0.0,44,81.0,127.0,46.0
1,normal,none,0,False,0.0,18,34.0,129.0,95.0
1,normal,none,0,False,0.0,72,131.0,134.0,3.0
1,normal,none,0,False,0.0,56,102.0,137.0,35.0
1,normal,none,0,False,0.0,22,41.0,138.0,97.0
1,normal,none,0,False,0.0,48,88.0,140.0,52.0
1,normal,none,0,False,0.0,32,60.0,142.0,82.0
1,normal,none,0,False,0.0,63,115.0,145.0,30.0
1,normal,none,0,False,0.0,51,93.0,147.0,54.0
1,normal,none,0,False,0.0,27,52.0,149.0,97.0
1,normal,none,0,False,0.0,46,84.0,153.0,69.0
1,normal,none,0,False,0.0,15,28.0,154.0,126.0
1,normal,none,0,False,0.0,38,70.0,156.0,86.0
1,normal,none,0,False,0.0,58,106.0,156.0,50.0
1,normal,none,0,False,0.0,17,32.0,157.0,125.0
1,normal,none,0,False,0.0,45,82.0,164.0,82.0
1,normal,none,0,False,0.0,57,104.0,164.0,60.0
1,normal,none,0,False,0.0,42,77.0,166.0,89.0
1,normal,none,0,False,0.0,24,45.0,167.0,122.0
1,normal,none,0,False,0.0,85,154.0,167.0,13.0
1,normal,none,0,False,0.0,7,14.0,171.0,157.0
1,normal,none,0,False,0.0,60,113.0,178.0,65.0
1,normal,none,0,False,0.0,33,61.0,180.0,119.0
1,normal,none,0,False,0.0,81,147.0,190.0,43.0
1,normal,none,0,False,0.0,23,43.0,192.0,149.0
1,normal,none,0,False,0.0,88,182.0,197.0,15.0
1,normal,none,0,False,0.0,73,133.0,199.0,66.0
1,normal,none,0,False,0.0,37,68.0,201.0,133.0
1,normal,none,0,False,0.0,55,100.0,201.0,101.0
1,normal,none,0,False,0.0,12,24.0,203.0,179.0
1,normal,none,0,False,0.0,80,145.0,206.0,61.0
1,normal,none,0,False,0.0,61,111.0,209.0,98.0
1,normal,none,0,False,0.0,6,12.0,214.0,202.0
1,normal,none,0,False,0.0,99,180.0,214.0,34.0
1,normal,none,0,False,0.0,102,186.0,214.0,28.0
1,normal,none,0,False,0.0,9,18.0,215.0,197.0
1,normal,none,0,False,0.0,69,126.0,215.0,89.0
1,normal,none,0,False,0.0,103,187.0,215.0,28.0
1,normal,none,0,False,0.0,35,64.0,217.0,153.0
1,normal,none,0,False,0.0,52,95.0,217.0,122.0
1,normal,none,0,False,0.0,2,5.0,222.0,217.0
1,normal,none,0,False,0.0,71,129.0,226.0,97.0
1,normal,none,0,False,0.0,109,198.0,227.0,29.0
1,normal,none,0,False,0.0,75,136.0,228.0,92.0
1,normal,none,0,False,0.0,39,72.0,230.0,158.0
1,normal,none,0,False,0.0,29,54.0,233.0,179.0
1,normal,none,0,False,0.0,83,152.0,235.0,83.0
1,normal,none,0,False,0.0,5,10.0,236.0,226.0
1,normal,none,0,False,0.0,47,86.0,248.0,162.0
1,normal,none,0,False,0.0,90,163.0,250.0,87.0
1,normal,none,0,False,0.0,20,37.0,251.0,214.0
1,normal,none,0,False,0.0,43,79.0,255.0,176.0
1,normal,none,0,False,0.0,50,91.0,255.0,164.0
1,normal,none,0,False,0.0,105,190.0,255.0,65.0
1,normal,none,0,False,0.0,84,153.0,256.0,103.0
1,normal,none,0,False,0.0,79,144.0,259.0,115.0
1,normal,none,0,False,0.0,16,30.0,260.0,230.0
1,normal,none,0,False,0.0,104,189.0,264.0,75.0
1,normal,none,0,False,0.0,146,264.0,265.0,1.0
1,normal,none,0,False,0.0,64,117.0,266.0,149.0
1,normal,none,0,False,0.0,110,199.0,270.0,71.0
1,normal,none,0,False,0.0,68,124.0,273.0,149.0
1,normal,none,0,False,0.0,66,120.0,279.0,159.0
1,normal,none,0,False,0.0,101,183.0,282.0,99.0
1,normal,none,0,False,0.0,94,171.0,284.0,113.0
1,normal,none,0,False,0.0,117,212.0,285.0,73.0
1,normal,none,0,False,0.0,123,223.0,285.0,62.0
1,normal,none,0,False,0.0,54,99.0,288.0,189.0
1,normal,none,0,False,0.0,65,118.0,291.0,173.0
1,normal,none,0,False,0.0,140,253.0,292.0,39.0
1,normal,none,0,False,0.0,144,261.0,294.0,33.0
1,normal,none,0,False,0.0,107,194.0,295.0,101.0
1,normal,none,0,False,0.0,141,255.0,296.0,41.0
1,normal,none,0,False,0.0,91,165.0,300.0,135.0
1,normal,none,0,False,0.0,116,246.0,300.0,54.0
1,normal,none,0,False,0.0,158,286.0,302.0,16.0
1,normal,none,0,False,0.0,67,122.0,303.0,181.0
1,normal,none,0,False,0.0,92,167.0,308.0,141.0
1,normal,none,0,False,0.0,143,259.0,308.0,49.0
1,normal,none,0,False,0.0,142,257.0,309.0,52.0
1,normal,none,0,False,0.0,156,282.0,309.0,27.0
1,normal,none,0,False,0.0,120,217.0,311.0,94.0
1,normal,none,0,False,0.0,97,176.0,312.0,136.0
1,normal,none,0,False,0.0,28,52.0,314.0,262.0
1,normal,none,0,False,0.0,41,75.0,316.0,241.0
1,normal,none,0,False,0.0,11,21.0,319.0,298.0
1,normal,none,0,False,0.0,78,142.0,322.0,180.0
1,normal,none,0,False,0.0,82,149.0,323.0,174.0
1,normal,none,0,False,0.0,161,291.0,323.0,32.0
1,normal,none,0,False,0.0,14,27.0,326.0,299.0
1,normal,none,0,False,0.0,133,244.0,326.0,82.0
1,normal,none,0,False,0.0,127,230.0,327.0,97.0
1,normal,none,0,False,0.0,76,138.0,329.0,191.0
1,normal,none,0,False,0.0,112,205.0,330.0,125.0
1,normal,none,0,False,0.0,89,162.0,332.0,170.0
1,normal,none,0,False,0.0,115,208.0,333.0,125.0
1,normal,none,0,False,0.0,147,266.0,334.0,68.0
1,normal,none,0,False,0.0,106,192.0,339.0,147.0
1,normal,none,0,False,0.0,153,314.0,343.0,29.0
1,normal,none,0,False,0.0,125,226.0,344.0,118.0
1,normal,none,0,False,0.0,93,169.0,346.0,177.0
1,normal,none,0,False,0.0,96,174.0,349.0,175.0
1,normal,none,0,False,0.0,70,127.0,350.0,223.0
1,normal,none,0,False,0.0,167,302.0,351.0,49.0
1,normal,none,0,False,0.0,77,140.0,354.0,214.0
1,normal,none,0,False,0.0,113,205.0,355.0,150.0
1,normal,none,0,False,0.0,87,158.0,358.0,200.0
1,normal,none,0,False,0.0,25,46.0,362.0,316.0
1,normal,none,0,False,0.0,74,135.0,362.0,227.0
1,normal,none,0,False,0.0,95,172.0,364.0,192.0
1,normal,none,0,False,0.0,136,249.0,369.0,120.0
1,normal,none,0,False,0.0,172,311.0,369.0,58.0
1,normal,none,0,False,0.0,131,237.0,371.0,134.0
1,normal,none,0,False,0.0,150,271.0,374.0,103.0
1,normal,none,0,False,0.0,148,268.0,377.0,109.0
1,normal,none,0,False,0.0,124,225.0,378.0,153.0
1,normal,none,0,False,0.0,196,354.0,381.0,27.0
1,normal,none,0,False,0.0,86,160.0,383.0,223.0
1,normal,none,0,False,0.0,149,270.0,385.0,115.0
1,normal,none,0,False,0.0,197,356.0,391.0,35.0
1,normal,none,0,False,0.0,162,319.0,392.0,73.0
1,normal,none,0,False,0.0,181,327.0,392.0,65.0
1,normal,none,0,False,0.0,193,349.0,394.0,45.0
1,normal,none,0,False,0.0,202,365.0,394.0,29.0
1,normal,none,0,False,0.0,100,182.0,395.0,213.0
1,normal,none,0,False,0.0,164,297.0,396.0,99.0
1,normal,none,0,False,0.0,119,216.0,400.0,184.0
1,normal,none,0,False,0.0,98,178.0,401.0,223.0
1,normal,none,0,False,0.0,189,342.0,402.0,60.0
1,normal,none,0,False,0.0,126,228.0,403.0,175.0
1,normal,none,0,False,0.0,186,336.0,403.0,67.0
1,normal,none,0,False,0.0,152,275.0,405.0,130.0
1,normal,none,0,False,0.0,111,201.0,406.0,205.0
1,normal,none,0,False,0.0,114,210.0,408.0,198.0
1,normal,none,0,False,0.0,138,250.0,408.0,158.0
1,normal,none,0,False,0.0,174,315.0,409.0,94.0
1,normal,none,0,False,0.0,108,196.0,411.0,215.0
1,normal,none,0,False,0.0,137,250.0,414.0,164.0
1,normal,none,0,False,0.0,118,214.0,415.0,201.0
1,normal,none,0,False,0.0,229,414.0,415.0,1.0
1,normal,none,0,False,0.0,157,284.0,416.0,132.0
1,normal,none,0,False,0.0,182,329.0,419.0,90.0
1,normal,none,0,False,0.0,231,417.0,421.0,4.0
1,normal,none,0,False,0.0,121,219.0,422.0,203.0
1,normal,none,0,False,0.0,159,290.0,423.0,133.0
1,normal,none,0,False,0.0,208,376.0,423.0,47.0
1,normal,none,0,False,0.0,212,385.0,424.0,39.0
1,normal,none,0,False,0.0,155,280.0,425.0,145.0
1,normal,none,0,False,0.0,173,313.0,426.0,113.0
1,normal,none,0,False,0.0,163,295.0,428.0,133.0
1,normal,none,0,False,0.0,132,239.0,429.0,190.0
1,normal,none,0,False,0.0,235,424.0,434.0,10.0
1,normal,none,0,False,0.0,168,304.0,439.0,135.0
1,normal,none,0,False,0.0,175,316.0,439.0,123.0
1,normal,none,0,False,0.0,134,243.0,444.0,201.0
1,normal,none,0,False,0.0,130,235.0,448.0,213.0
1,normal,none,0,False,0.0,145,262.0,449.0,187.0
1,normal,none,0,False,0.0,128,232.0,450.0,218.0
1,normal,none,0,False,0.0,190,343.0,453.0,110.0
1,normal,none,0,False,0.0,221,403.0,454.0,51.0
1,normal,none,0,False,0.0,129,234.0,455.0,221.0
1,normal,none,0,False,0.0,135,244.0,456.0,212.0
1,normal,none,0,False,0.0,215,392.0,458.0,66.0
1,normal,none,0,False,0.0,206,372.0,459.0,87.0
1,normal,none,0,False,0.0,160,289.0,460.0,171.0
1,normal,none,0,False,0.0,177,320.0,460.0,140.0
1,normal,none,0,False,0.0,183,331.0,460.0,129.0
1,normal,none,0,False,0.0,192,366.0,461.0,95.0
1,normal,none,0,False,0.0,198,358.0,461.0,103.0
1,normal,none,0,False,0.0,180,325.0,467.0,142.0
1,normal,none,0,False,0.0,252,455.0,471.0,16.0
1,normal,none,0,False,0.0,166,300.0,473.0,173.0
1,normal,none,0,False,0.0,207,374.0,473.0,99.0
1,normal,none,0,False,0.0,222,401.0,473.0,72.0
1,normal,none,0,False,0.0,122,221.0,479.0,258.0
1,normal,none,0,False,0.0,199,360.0,480.0,120.0
1,normal,none,0,False,0.0,205,370.0,480.0,110.0
1,normal,none,0,False,0.0,200,361.0,484.0,123.0
1,normal,none,0,False,0.0,176,322.0,485.0,163.0
1,normal,none,0,False,0.0,179,326.0,488.0,162.0
1,normal,none,0,False,0.0,267,482.0,489.0,7.0
1,normal,none,0,False,0.0,184,333.0,491.0,158.0
1,normal,none,0,False,0.0,151,273.0,494.0,221.0
1,normal,none,0,False,0.0,154,279.0,495.0,216.0
1,normal,none,0,False,0.0,195,352.0,496.0,144.0
1,normal,none,0,False,0.0,169,306.0,497.0,191.0
1,normal,none,0,False,0.0,242,437.0,498.0,61.0
1,normal,none,0,False,0.0,170,307.0,500.0,193.0
1,normal,none,0,False,0.0,268,484.0,500.0,16.0
1,normal,none,0,False,0.0,275,496.0,505.0,9.0
1,normal,none,0,False,0.0,243,439.0,507.0,68.0
1,normal,none,0,False,0.0,251,484.0,507.0,23.0
1,normal,none,0,False,0.0,276,498.0,508.0,10.0
1,normal,none,0,False,0.0,165,298.0,516.0,218.0
1,normal,none,0,False,0.0,250,451.0,517.0,66.0
1,normal,none,0,False,0.0,266,487.0,517.0,30.0
1,normal,none,0,False,0.0,240,435.0,521.0,86.0
1,normal,none,0,False,0.0,255,460.0,521.0,61.0
1,normal,none,0,False,0.0,204,369.0,522.0,153.0
1,normal,none,0,False,0.0,227,410.0,523.0,113.0
1,normal,none,0,False,0.0,194,351.0,524.0,173.0
1,normal,none,0,False,0.0,244,441.0,524.0,83.0
1,normal,none,0,False,0.0,139,256.0,526.0,270.0
1,normal,none,0,False,0.0,223,403.0,527.0,124.0
1,normal,none,0,False,0.0,290,523.0,530.0,7.0
1,normal,none,0,False,0.0,178,322.0,532.0,210.0
1,normal,none,0,False,0.0,245,442.0,532.0,90.0
1,normal,none,0,False,0.0,219,396.0,533.0,137.0
1,normal,none,0,False,0.0,171,309.0,534.0,225.0
1,normal,none,0,False,0.0,226,408.0,534.0,126.0
1,normal,none,0,False,0.0,279,504.0,535.0,31.0
1,normal,none,0,False,0.0,209,378.0,536.0,158.0
1,normal,none,0,False,0.0,213,389.0,537.0,148.0
1,normal,none,0,False,0.0,224,405.0,539.0,134.0
1,normal,none,0,False,0.0,216,390.0,540.0,150.0
1,normal,none,0,False,0.0,239,432.0,540.0,108.0
1,normal,none,0,False,0.0,263,475.0,541.0,66.0
1,normal,none,0,False,0.0,185,334.0,542.0,208.0
1,normal,none,0,False,0.0,264,477.0,547.0,70.0
1,normal,none,0,False,0.0,201,363.0,551.0,188.0
1,normal,none,0,False,0.0,247,449.0,551.0,102.0
1,normal,none,0,False,0.0,225,407.0,552.0,145.0
1,normal,none,0,False,0.0,274,504.0,556.0,52.0
1,normal,none,0,False,0.0,237,431.0,560.0,129.0
1,normal,none,0,False,0.0,210,379.0,561.0,182.0
1,normal,none,0,False,0.0,234,423.0,564.0,141.0
1,normal,none,0,False,0.0,203,367.0,565.0,198.0
1,normal,none,0,False,0.0,188,340.0,569.0,229.0
1,normal,none,0,False,0.0,269,486.0,569.0,83.0
1,normal,none,0,False,0.0,280,505.0,569.0,64.0
1,normal,none,0,False,0.0,238,430.0,573.0,143.0
1,normal,none,0,False,0.0,191,352.0,574.0,222.0
1,normal,none,0,False,0.0,254,461.0,577.0,116.0
1,normal,none,0,False,0.0,211,381.0,580.0,199.0
1,normal,none,0,False,0.0,249,452.0,580.0,128.0
1,normal,none,0,False,0.0,271,489.0,580.0,91.0
1,normal,none,0,False,0.0,256,462.0,583.0,121.0
1,normal,none,0,False,0.0,232,419.0,585.0,166.0
1,normal,none,0,False,0.0,187,339.0,586.0,247.0
1,normal,none,0,False,0.0,259,468.0,587.0,119.0
1,normal,none,0,False,0.0,262,473.0,589.0,116.0
1,normal,none,0,False,0.0,233,421.0,591.0,170.0
1,normal,none,0,False,0.0,265,478.0,591.0,113.0
1,normal,none,0,False,0.0,316,570.0,592.0,22.0
1,normal,none,0,False,0.0,306,558.0,596.0,38.0
1,normal,none,0,False,0.0,214,387.0,598.0,211.0
1,normal,none,0,False,0.0,309,558.0,598.0,40.0
1,normal,none,0,False,0.0,258,466.0,601.0,135.0
1,normal,none,0,False,0.0,220,397.0,602.0,205.0
1,normal,none,0,False,0.0,270,487.0,604.0,117.0
1,normal,none,0,False,0.0,294,531.0,604.0,73.0
1,normal,none,0,False,0.0,329,594.0,611.0,17.0
1,normal,none,0,False,0.0,296,534.0,612.0,78.0
1,normal,none,0,False,0.0,228,412.0,615.0,203.0
1,normal,none,0,False,0.0,283,511.0,619.0,108.0
1,normal,none,0,False,0.0,217,392.0,622.0,230.0
1,normal,none,0,False,0.0,241,438.0,625.0,187.0
1,normal,none,0,False,0.0,301,543.0,627.0,84.0
1,normal,none,0,False,0.0,292,529.0,628.0,99.0
1,normal,none,0,False,0.0,278,552.0,631.0,79.0
1,normal,none,0,False,0.0,312,563.0,631.0,68.0
1,normal,none,0,False,0.0,282,509.0,633.0,124.0
1,normal,none,0,False,0.0,218,394.0,635.0,241.0
1,normal,none,0,False,0.0,291,525.0,638.0,113.0
1,normal,none,0,False,0.0,236,426.0,642.0,216.0
1,normal,none,0,False,0.0,286,516.0,642.0,126.0
1,normal,none,0,False,0.0,295,532.0,647.0,115.0
1,normal,none,0,False,0.0,318,574.0,648.0,74.0
1,normal,none,0,False,0.0,246,447.0,650.0,203.0
1,normal,none,0,False,0.0,349,630.0,658.0,28.0
1,normal,none,0,False,0.0,277,500.0,662.0,162.0
1,normal,none,0,False,0.0,307,554.0,663.0,109.0
1,normal,none,0,False,0.0,257,464.0,668.0,204.0
1,normal,none,0,False,0.0,342,617.0,668.0,51.0
1,normal,none,0,False,0.0,281,507.0,670.0,163.0
1,normal,none,0,False,0.0,341,615.0,670.0,55.0
1,normal,none,0,False,0.0,273,493.0,671.0,178.0
1,normal,none,0,False,0.0,313,567.0,671.0,104.0
1,normal,none,0,False,0.0,340,614.0,671.0,57.0
1,normal,none,0,False,0.0,319,576.0,673.0,97.0
1,normal,none,0,False,0.0,305,550.0,677.0,127.0
1,normal,none,0,False,0.0,351,633.0,677.0,44.0
1,normal,none,0,False,0.0,248,448.0,680.0,232.0
1,normal,none,0,False,0.0,311,561.0,681.0,120.0
1,normal,none,0,False,0.0,321,580.0,683.0,103.0
1,normal,none,0,False,0.0,284,513.0,685.0,172.0
1,normal,none,0,False,0.0,339,612.0,685.0,73.0
1,normal,none,0,False,0.0,323,583.0,687.0,104.0
1,normal,none,0,False,0.0,261,471.0,692.0,221.0
1,normal,none,0,False,0.0,317,572.0,693.0,121.0
1,normal,none,0,False,0.0,343,619.0,693.0,74.0
1,normal,none,0,False,0.0,289,522.0,695.0,173.0
1,normal,none,0,False,0.0,302,552.0,698.0,146.0
1,normal,none,0,False,0.0,272,493.0,700.0,207.0
1,normal,none,0,False,0.0,293,529.0,700.0,171.0
1,normal,none,0,False,0.0,230,415.0,701.0,286.0
1,normal,none,0,False,0.0,285,514.0,710.0,196.0
1,normal,none,0,False,0.0,288,520.0,710.0,190.0
1,normal,none,0,False,0.0,331,597.0,710.0,113.0
1,normal,none,0,False,0.0,353,637.0,712.0,75.0
1,normal,none,0,False,0.0,253,462.0,717.0,255.0
1,normal,none,0,False,0.0,287,518.0,718.0,200.0
1,normal,none,0,False,0.0,314,597.0,719.0,122.0
1,normal,none,0,False,0.0,383,692.0,721.0,29.0
1,normal,none,0,False,0.0,303,547.0,723.0,176.0
1,normal,none,0,False,0.0,361,651.0,723.0,72.0
1,normal,none,0,False,0.0,379,684.0,723.0,39.0
1,normal,none,0,False,0.0,367,662.0,725.0,63.0
1,normal,none,0,False,0.0,304,549.0,726.0,177.0
1,normal,none,0,False,0.0,299,540.0,729.0,189.0
1,normal,none,0,False,0.0,315,568.0,733.0,165.0
1,normal,none,0,False,0.0,402,725.0,733.0,8.0
1,normal,none,0,False,0.0,360,649.0,744.0,95.0
1,normal,none,0,False,0.0,357,650.0,747.0,97.0
1,normal,none,0,False,0.0,394,712.0,747.0,35.0
1,normal,none,0,False,0.0,374,675.0,748.0,73.0
1,normal,none,0,False,0.0,336,606.0,749.0,143.0
1,normal,none,0,False,0.0,370,667.0,749.0,82.0
1,normal,none,0,False,0.0,362,653.0,758.0,105.0
1,normal,none,0,False,0.0,344,621.0,759.0,138.0
1,normal,none,0,False,0.0,345,622.0,765.0,143.0
1,normal,none,0,False,0.0,375,681.0,766.0,85.0
1,normal,none,0,False,0.0,417,752.0,769.0,17.0
1,normal,none,0,False,0.0,310,561.0,771.0,210.0
1,normal,none,0,False,0.0,384,693.0,775.0,82.0
1,normal,none,0,False,0.0,416,750.0,777.0,27.0
1,normal,none,0,False,0.0,260,469.0,778.0,309.0
1,normal,none,0,False,0.0,298,538.0,781.0,243.0
1,normal,none,0,False,0.0,392,707.0,781.0,74.0
1,normal,none,0,False,0.0,300,541.0,783.0,242.0
1,normal,none,0,False,0.0,335,604.0,784.0,180.0
1,normal,none,0,False,0.0,359,648.0,784.0,136.0
1,normal,none,0,False,0.0,355,640.0,785.0,145.0
1,normal,none,0,False,0.0,389,702.0,785.0,83.0
1,normal,none,0,False,0.0,407,734.0,789.0,55.0
1,normal,none,0,False,0.0,324,599.0,792.0,193.0
1,normal,none,0,False,0.0,378,682.0,792.0,110.0
1,normal,none,0,False,0.0,434,783.0,794.0,11.0
1,normal,none,0,False,0.0,354,639.0,796.0,157.0
1,normal,none,0,False,0.0,385,694.0,796.0,102.0
1,normal,none,0,False,0.0,350,631.0,797.0,166.0
1,normal,none,0,False,0.0,297,536.0,801.0,265.0
1,normal,none,0,False,0.0,352,635.0,802.0,167.0
1,normal,none,0,False,0.0,436,788.0,804.0,16.0
1,normal,none,0,False,0.0,358,646.0,805.0,159.0
1,normal,none,0,False,0.0,400,721.0,805.0,84.0
1,normal,none,0,False,0.0,338,610.0,806.0,196.0
1,normal,none,0,False,0.0,433,785.0,806.0,21.0
1,normal,none,0,False,0.0,419,756.0,807.0,51.0
1,normal,none,0,False,0.0,320,583.0,808.0,225.0
1,normal,none,0,False,0.0,330,595.0,809.0,214.0
1,normal,none,0,False,0.0,356,642.0,809.0,167.0
1,normal,none,0,False,0.0,431,777.0,809.0,32.0
1,normal,none,0,False,0.0,347,626.0,811.0,185.0
1,normal,none,0,False,0.0,406,732.0,811.0,79.0
1,normal,none,0,False,0.0,365,658.0,814.0,156.0
1,normal,none,0,False,0.0,337,632.0,815.0,183.0
1,normal,none,0,False,0.0,369,666.0,820.0,154.0
1,normal,none,0,False,0.0,368,664.0,824.0,160.0
1,normal,none,0,False,0.0,371,669.0,827.0,158.0
1,normal,none,0,False,0.0,373,673.0,827.0,154.0
1,normal,none,0,False,0.0,328,594.0,829.0,235.0
1,normal,none,0,False,0.0,377,680.0,830.0,150.0
1,normal,none,0,False,0.0,388,700.0,830.0,130.0
1,normal,none,0,False,0.0,404,758.0,831.0,73.0
1,normal,none,0,False,0.0,457,827.0,831.0,4.0
1,normal,none,0,False,0.0,415,748.0,832.0,84.0
1,normal,none,0,False,0.0,366,660.0,837.0,177.0
1,normal,none,0,False,0.0,399,720.0,837.0,117.0
1,normal,none,0,False,0.0,326,588.0,843.0,255.0
1,normal,none,0,False,0.0,397,716.0,846.0,130.0
1,normal,none,0,False,0.0,363,655.0,848.0,193.0
1,normal,none,0,False,0.0,380,685.0,848.0,163.0
1,normal,none,0,False,0.0,396,714.0,848.0,134.0
1,normal,none,0,False,0.0,398,718.0,848.0,130.0
1,normal,none,0,False,0.0,405,750.0,848.0,98.0
1,normal,none,0,False,0.0,413,745.0,849.0,104.0
1,normal,none,0,False,0.0,452,815.0,850.0,35.0
1,normal,none,0,False,0.0,408,739.0,854.0,115.0
1,normal,none,0,False,0.0,427,770.0,854.0,84.0
1,normal,none,0,False,0.0,334,643.0,856.0,213.0
1,normal,none,0,False,0.0,467,842.0,859.0,17.0
1,normal,none,0,False,0.0,327,590.0,863.0,273.0
1,normal,none,0,False,0.0,391,705.0,863.0,158.0
1,normal,none,0,False,0.0,456,822.0,864.0,42.0
1,normal,none,0,False,0.0,468,844.0,865.0,21.0
1,normal,none,0,False,0.0,432,779.0,868.0,89.0
1,normal,none,0,False,0.0,409,738.0,869.0,131.0
1,normal,none,0,False,0.0,308,559.0,872.0,313.0
1,normal,none,0,False,0.0,435,787.0,880.0,93.0
1,normal,none,0,False,0.0,393,709.0,881.0,172.0
1,normal,none,0,False,0.0,455,820.0,883.0,63.0
1,normal,none,0,False,0.0,450,811.0,886.0,75.0
1,normal,none,0,False,0.0,420,757.0,888.0,131.0
1,normal,none,0,False,0.0,439,792.0,889.0,97.0
1,normal,none,0,False,0.0,453,825.0,889.0,64.0
1,normal,none,0,False,0.0,440,793.0,891.0,98.0
1,normal,none,0,False,0.0,381,687.0,893.0,206.0
1,normal,none,0,False,0.0,390,703.0,893.0,190.0
1,normal,none,0,False,0.0,322,581.0,897.0,316.0
1,normal,none,0,False,0.0,437,788.0,898.0,110.0
1,normal,none,0,False,0.0,387,698.0,900.0,202.0
1,normal,none,0,False,0.0,325,586.0,905.0,319.0
1,normal,none,0,False,0.0,376,678.0,905.0,227.0
1,normal,none,0,False,0.0,426,771.0,906.0,135.0
1,normal,none,0,False,0.0,395,712.0,907.0,195.0
1,normal,none,0,False,0.0,429,774.0,907.0,133.0
1,normal,none,0,False,0.0,474,855.0,907.0,52.0
1,normal,none,0,False,0.0,348,628.0,908.0,280.0
1,normal,none,0,False,0.0,424,765.0,908.0,143.0
1,normal,none,0,False,0.0,421,759.0,910.0,151.0
1,normal,none,0,False,0.0,332,599.0,912.0,313.0
1,normal,none,0,False,0.0,480,865.0,914.0,49.0
1,normal,none,0,False,0.0,486,876.0,915.0,39.0
1,normal,none,0,False,0.0,462,833.0,917.0,84.0
1,normal,none,0,False,0.0,471,849.0,918.0,69.0
1,normal,none,0,False,0.0,470,847.0,919.0,72.0
1,normal,none,0,False,0.0,506,912.0,919.0,7.0
1,normal,none,0,False,0.0,484,873.0,921.0,48.0
1,normal,none,0,False,0.0,438,790.0,922.0,132.0
1,normal,none,0,False,0.0,465,838.0,924.0,86.0
1,normal,none,0,False,0.0,448,810.0,926.0,116.0
1,normal,none,0,False,0.0,460,829.0,927.0,98.0
1,normal,none,0,False,0.0,473,854.0,928.0,74.0
1,normal,none,0,False,0.0,482,872.0,929.0,57.0
1,normal,none,0,False,0.0,515,928.0,929.0,1.0
1,normal,none,0,False,0.0,449,810.0,930.0,120.0
1,normal,none,0,False,0.0,499,901.0,934.0,33.0
1,normal,none,0,False,0.0,496,894.0,936.0,42.0
1,normal,none,0,False,0.0,443,799.0,937.0,138.0
1,normal,none,0,False,0.0,444,801.0,938.0,137.0
1,normal,none,0,False,0.0,445,804.0,944.0,140.0
1,normal,none,0,False,0.0,346,624.0,949.0,325.0
1,normal,none,0,False,0.0,458,826.0,950.0,124.0
1,normal,none,0,False,0.0,476,858.0,952.0,94.0
1,normal,none,0,False,0.0,430,775.0,955.0,180.0
1,normal,none,0,False,0.0,491,885.0,958.0,73.0
1,normal,none,0,False,0.0,446,804.0,962.0,158.0
1,normal,none,0,False,0.0,454,840.0,962.0,122.0
1,normal,none,0,False,0.0,475,859.0,963.0,104.0
1,normal,none,0,False,0.0,372,672.0,964.0,292.0
1,normal,none,0,False,0.0,364,658.0,965.0,307.0
1,normal,none,0,False,0.0,333,601.0,968.0,367.0
1,normal,none,0,False,0.0,514,927.0,969.0,42.0
1,normal,none,0,False,0.0,403,727.0,970.0,243.0
1,normal,none,0,False,0.0,469,846.0,974.0,128.0
1,normal,none,0,False,0.0,497,896.0,976.0,80.0
1,normal,none,0,False,0.0,411,741.0,977.0,236.0
1,normal,none,0,False,0.0,441,795.0,978.0,183.0
1,normal,none,0,False,0.0,422,761.0,983.0,222.0
1,normal,none,0,False,0.0,524,945.0,985.0,40.0
1,normal,none,0,False,0.0,525,946.0,985.0,39.0
1,normal,none,0,False,0.0,425,766.0,986.0,220.0
1,normal,none,0,False,0.0,531,957.0,986.0,29.0
1,normal,none,0,False,0.0,512,923.0,989.0,66.0
1,normal,none,0,False,0.0,428,772.0,990.0,218.0
1,normal,none,0,False,0.0,509,918.0,991.0,73.0
1,normal,none,0,False,0.0,490,883.0,994.0,111.0
1,normal,none,0,False,0.0,418,754.0,998.0,244.0
1,normal,none,0,False,0.0,507,914.0,998.0,84.0
1,normal,none,0,False,0.0,472,851.0,999.0,148.0
1,normal,none,0,False,0.0,503,907.0,1000.0,93.0
1,normal,none,0,False,0.0,483,871.0,1002.0,131.0
1,normal,none,0,False,0.0,414,747.0,1003.0,256.0
1,normal,none,0,False,0.0,549,990.0,1004.0,14.0
1,normal,none,0,False,0.0,485,874.0,1005.0,131.0
1,normal,none,0,False,0.0,487,878.0,1007.0,129.0
1,normal,none,0,False,0.0,530,955.0,1010.0,55.0
1,normal,none,0,False,0.0,442,797.0,1011.0,214.0
1,normal,none,0,False,0.0,477,860.0,1011.0,151.0
1,normal,none,0,False,0.0,522,941.0,1015.0,74.0
1,normal,none,0,False,0.0,463,856.0,1016.0,160.0
1,normal,none,0,False,0.0,401,723.0,1017.0,294.0
1,normal,none,0,False,0.0,561,1011.0,1019.0,8.0
1,normal,none,0,False,0.0,518,934.0,1020.0,86.0
1,normal,none,0,False,0.0,412,743.0,1021.0,278.0
1,normal,none,0,False,0.0,493,889.0,1021.0,132.0
1,normal,none,0,False,0.0,494,891.0,1021.0,130.0
1,normal,none,0,False,0.0,536,966.0,1023.0,57.0
1,normal,none,0,False,0.0,382,689.0,1024.0,335.0
1,normal,none,0,False,0.0,500,901.0,1025.0,124.0
1,normal,none,0,False,0.0,495,892.0,1028.0,136.0
1,normal,none,0,False,0.0,523,943.0,1029.0,86.0
1,normal,none,0,False,0.0,410,739.0,1032.0,293.0
1,normal,none,0,False,0.0,532,984.0,1035.0,51.0
1,normal,none,0,False,0.0,548,988.0,1041.0,53.0
1,normal,none,0,False,0.0,464,837.0,1045.0,208.0
1,normal,none,0,False,0.0,451,813.0,1048.0,235.0
1,normal,none,0,False,0.0,551,993.0,1048.0,55.0
1,normal,none,0,False,0.0,461,831.0,1050.0,219.0
1,normal,none,0,False,0.0,517,942.0,1055.0,113.0
1,normal,none,0,False,0.0,519,936.0,1058.0,122.0
1,normal,none,0,False,0.0,556,1004.0,1060.0,56.0
1,normal,none,0,False,0.0,584,1053.0,1062.0,9.0
1,normal,none,0,False,0.0,550,994.0,1063.0,69.0
1,normal,none,0,False,0.0,571,1029.0,1068.0,39.0
1,normal,none,0,False,0.0,553,997.0,1069.0,72.0
1,normal,none,0,False,0.0,505,910.0,1071.0,161.0
1,normal,none,0,False,0.0,578,1042.0,1073.0,31.0
1,normal,none,0,False,0.0,564,1017.0,1076.0,59.0
1,normal,none,0,False,0.0,559,1008.0,1079.0,71.0
1,normal,none,0,False,0.0,520,937.0,1081.0,144.0
1,normal,none,0,False,0.0,423,922.0,1084.0,162.0
1,normal,none,0,False,0.0,504,909.0,1084.0,175.0
1,normal,none,0,False,0.0,513,925.0,1085.0,160.0
1,normal,none,0,False,0.0,579,1044.0,1085.0,41.0
1,normal,none,0,False,0.0,479,865.0,1086.0,221.0
1,normal,none,0,False,0.0,481,867.0,1086.0,219.0
1,normal,none,0,False,0.0,535,964.0,1087.0,123.0
1,normal,none,0,False,0.0,533,961.0,1088.0,127.0
1,normal,none,0,False,0.0,567,1022.0,1088.0,66.0
1,normal,none,0,False,0.0,534,963.0,1090.0,127.0
1,normal,none,0,False,0.0,557,1004.0,1091.0,87.0
1,normal,none,0,False,0.0,459,828.0,1092.0,264.0
1,normal,none,0,False,0.0,502,905.0,1094.0,189.0
1,normal,none,0,False,0.0,386,919.0,1095.0,176.0
1,normal,none,0,False,0.0,543,979.0,1096.0,117.0
1,normal,none,0,False,0.0,582,1049.0,1097.0,48.0
1,normal,none,0,False,0.0,447,806.0,1099.0,293.0
1,normal,none,0,False,0.0,501,903.0,1100.0,197.0
1,normal,none,0,False,0.0,547,986.0,1101.0,115.0
1,normal,none,0,False,0.0,581,1049.0,1101.0,52.0
1,normal,none,0,False,0.0,558,1006.0,1102.0,96.0
1,normal,none,0,False,0.0,545,982.0,1104.0,122.0
1,normal,none,0,False,0.0,492,887.0,1105.0,218.0
1,normal,none,0,False,0.0,587,1058.0,1106.0,48.0
1,normal,none,0,False,0.0,563,1015.0,1107.0,92.0
1,normal,none,0,False,0.0,593,1069.0,1109.0,40.0
1,normal,none,0,False,0.0,466,840.0,1111.0,271.0
1,normal,none,0,False,0.0,488,880.0,1117.0,237.0
1,normal,none,0,False,0.0,607,1094.0,1120.0,26.0
1,normal,none,0,False,0.0,489,882.0,1121.0,239.0
1,normal,none,0,False,0.0,537,968.0,1125.0,157.0
1,normal,none,0,False,0.0,565,1019.0,1125.0,106.0
1,normal,none,0,False,0.0,572,1050.0,1125.0,75.0
1,normal,none,0,False,0.0,541,975.0,1129.0,154.0
1,normal,none,0,False,0.0,508,916.0,1130.0,214.0
1,normal,none,0,False,0.0,528,952.0,1131.0,179.0
1,normal,none,0,False,0.0,580,1051.0,1131.0,80.0
1,normal,none,0,False,0.0,498,898.0,1132.0,234.0
1,normal,none,0,False,0.0,521,939.0,1135.0,196.0
1,normal,none,0,False,0.0,539,972.0,1136.0,164.0
1,normal,none,0,False,0.0,569,1086.0,1140.0,54.0
1,normal,none,0,False,0.0,538,970.0,1141.0,171.0
1,normal,none,0,False,0.0,516,930.0,1144.0,214.0
1,normal,none,0,False,0.0,526,948.0,1145.0,197.0
1,normal,none,0,False,0.0,511,921.0,1150.0,229.0
1,normal,none,0,False,0.0,560,1009.0,1152.0,143.0
1,normal,none,0,False,0.0,540,973.0,1162.0,189.0
1,normal,none,0,False,0.0,542,977.0,1163.0,186.0
1,normal,none,0,False,0.0,527,950.0,1165.0,215.0
1,normal,none,0,False,0.0,606,1092.0,1167.0,75.0
1,normal,none,0,False,0.0,510,919.0,1169.0,250.0
1,normal,none,0,False,0.0,597,1081.0,1169.0,88.0
1,normal,none,0,False,0.0,570,1027.0,1174.0,147.0
1,normal,none,0,False,0.0,589,1062.0,1175.0,113.0
1,normal,none,0,False,0.0,478,862.0,1176.0,314.0
1,normal,none,0,False,0.0,574,1035.0,1177.0,142.0
1,normal,none,0,False,0.0,612,1103.0,1177.0,74.0
1,normal,none,0,False,0.0,648,1168.0,1178.0,10.0
1,normal,none,0,False,0.0,562,1013.0,1179.0,166.0
1,normal,none,0,False,0.0,644,1161.0,1180.0,19.0
1,normal,none,0,False,0.0,588,1060.0,1182.0,122.0
1,normal,none,0,False,0.0,554,999.0,1186.0,187.0
1,normal,none,0,False,0.0,615,1108.0,1187.0,79.0
1,normal,none,0,False,0.0,631,1156.0,1189.0,33.0
1,normal,none,0,False,0.0,628,1132.0,1193.0,61.0
1,normal,none,0,False,0.0,614,1107.0,1195.0,88.0
1,normal,none,0,False,0.0,623,1123.0,1197.0,74.0
1,normal,none,0,False,0.0,546,984.0,1200.0,216.0
1,normal,none,0,False,0.0,610,1099.0,1201.0,102.0
1,normal,none,0,False,0.0,573,1033.0,1203.0,170.0
1,normal,none,0,False,0.0,575,1036.0,1203.0,167.0
1,normal,none,0,False,0.0,638,1150.0,1203.0,53.0
1,normal,none,0,False,0.0,544,981.0,1211.0,230.0
1,normal,none,0,False,0.0,596,1074.0,1212.0,138.0
1,normal,none,0,False,0.0,604,1100.0,1212.0,112.0
1,normal,none,0,False,0.0,645,1162.0,1212.0,50.0
1,normal,none,0,False,0.0,652,1175.0,1212.0,37.0
1,normal,none,0,False,0.0,598,1078.0,1213.0,135.0
1,normal,none,0,False,0.0,600,1081.0,1218.0,137.0
1,normal,none,0,False,0.0,650,1171.0,1221.0,50.0
1,normal,none,0,False,0.0,635,1144.0,1222.0,78.0
1,normal,none,0,False,0.0,662,1193.0,1223.0,30.0
1,normal,none,0,False,0.0,624,1125.0,1227.0,102.0
1,normal,none,0,False,0.0,552,996.0,1229.0,233.0
1,normal,none,0,False,0.0,590,1063.0,1230.0,167.0
1,normal,none,0,False,0.0,630,1135.0,1230.0,95.0
1,normal,none,0,False,0.0,627,1130.0,1231.0,101.0
1,normal,none,0,False,0.0,617,1112.0,1233.0,121.0
1,normal,none,0,False,0.0,679,1224.0,1234.0,10.0
1,normal,none,0,False,0.0,577,1040.0,1235.0,195.0
1,normal,none,0,False,0.0,674,1215.0,1238.0,23.0
1,normal,none,0,False,0.0,657,1184.0,1239.0,55.0
1,normal,none,0,False,0.0,576,1038.0,1240.0,202.0
1,normal,none,0,False,0.0,618,1114.0,1241.0,127.0
1,normal,none,0,False,0.0,634,1145.0,1241.0,96.0
1,normal,none,0,False,0.0,608,1096.0,1244.0,148.0
1,normal,none,0,False,0.0,583,1051.0,1250.0,199.0
1,normal,none,0,False,0.0,677,1220.0,1250.0,30.0
1,normal,none,0,False,0.0,690,1243.0,1251.0,8.0
1,normal,none,0,False,0.0,603,1087.0,1252.0,165.0
1,normal,none,0,False,0.0,642,1159.0,1252.0,93.0
1,normal,none,0,False,0.0,671,1209.0,1255.0,46.0
1,normal,none,0,False,0.0,676,1218.0,1259.0,41.0
1,normal,none,0,False,0.0,592,1108.0,1264.0,156.0
1,normal,none,0,False,0.0,619,1116.0,1264.0,148.0
1,normal,none,0,False,0.0,566,1020.0,1266.0,246.0
1,normal,none,0,False,0.0,585,1054.0,1269.0,215.0
1,normal,none,0,False,0.0,684,1247.0,1269.0,22.0
1,normal,none,0,False,0.0,705,1270.0,1272.0,2.0
1,normal,none,0,False,0.0,675,1216.0,1279.0,63.0
1,normal,none,0,False,0.0,703,1267.0,1281.0,14.0
1,normal,none,0,False,0.0,591,1065.0,1284.0,219.0
1,normal,none,0,False,0.0,629,1134.0,1284.0,150.0
1,normal,none,0,False,0.0,555,1048.0,1287.0,239.0
1,normal,none,0,False,0.0,622,1121.0,1287.0,166.0
1,normal,none,0,False,0.0,661,1191.0,1288.0,97.0
1,normal,none,0,False,0.0,698,1258.0,1288.0,30.0
1,normal,none,0,False,0.0,637,1148.0,1289.0,141.0
1,normal,none,0,False,0.0,658,1186.0,1290.0,104.0
1,normal,none,0,False,0.0,633,1141.0,1292.0,151.0
1,normal,none,0,False,0.0,670,1207.0,1293.0,86.0
1,normal,none,0,False,0.0,668,1204.0,1296.0,92.0
1,normal,none,0,False,0.0,643,1159.0,1306.0,147.0
1,normal,none,0,False,0.0,625,1126.0,1307.0,181.0
1,normal,none,0,False,0.0,568,1025.0,1308.0,283.0
1,normal,none,0,False,0.0,529,954.0,1311.0,357.0
1,normal,none,0,False,0.0,636,1146.0,1311.0,165.0
1,normal,none,0,False,0.0,696,1254.0,1311.0,57.0
1,normal,none,0,False,0.0,695,1260.0,1312.0,52.0
1,normal,none,0,False,0.0,616,1117.0,1313.0,196.0
1,normal,none,0,False,0.0,655,1180.0,1315.0,135.0
1,normal,none,0,False,0.0,663,1195.0,1316.0,121.0
1,normal,none,0,False,0.0,605,1090.0,1318.0,228.0
1,normal,none,0,False,0.0,599,1114.0,1319.0,205.0
1,normal,none,0,False,0.0,601,1083.0,1319.0,236.0
1,normal,none,0,False,0.0,626,1128.0,1320.0,192.0
1,normal,none,0,False,0.0,639,1152.0,1321.0,169.0
1,normal,none,0,False,0.0,697,1256.0,1321.0,65.0
1,normal,none,0,False,0.0,717,1292.0,1321.0,29.0
1,normal,none,0,False,0.0,620,1117.0,1323.0,206.0
1,normal,none,0,False,0.0,685,1234.0,1324.0,90.0
1,normal,none,0,False,0.0,680,1225.0,1327.0,102.0
1,normal,none,0,False,0.0,691,1245.0,1328.0,83.0
1,normal,none,0,False,0.0,651,1173.0,1329.0,156.0
1,normal,none,0,False,0.0,653,1177.0,1329.0,152.0
1,normal,none,0,False,0.0,692,1247.0,1329.0,82.0
1,normal,none,0,False,0.0,641,1155.0,1330.0,175.0
1,normal,none,0,False,0.0,699,1264.0,1331.0,67.0
1,normal,none,0,False,0.0,656,1260.0,1333.0,73.0
1,normal,none,0,False,0.0,687,1238.0,1333.0,95.0
1,normal,none,0,False,0.0,586,1059.0,1335.0,276.0
1,normal,none,0,False,0.0,665,1198.0,1339.0,141.0
1,normal,none,0,False,0.0,621,1119.0,1341.0,222.0
1,normal,none,0,False,0.0,683,1231.0,1342.0,111.0
1,normal,none,0,False,0.0,713,1285.0,1342.0,57.0
1,normal,none,0,False,0.0,718,1294.0,1342.0,48.0
1,normal,none,0,False,0.0,594,1081.0,1343.0,262.0
1,normal,none,0,False,0.0,640,1153.0,1344.0,191.0
1,normal,none,0,False,0.0,602,1085.0,1346.0,261.0
1,normal,none,0,False,0.0,632,1139.0,1347.0,208.0
1,normal,none,0,False,0.0,735,1324.0,1348.0,24.0
1,normal,none,0,False,0.0,702,1265.0,1352.0,87.0
1,normal,none,0,False,0.0,728,1312.0,1354.0,42.0
1,normal,none,0,False,0.0,730,1316.0,1355.0,39.0
1,normal,none,0,False,0.0,669,1206.0,1356.0,150.0
1,normal,none,0,False,0.0,667,1202.0,1357.0,155.0
1,normal,none,0,False,0.0,609,1106.0,1361.0,255.0
1,normal,none,0,False,0.0,647,1166.0,1364.0,198.0
1,normal,none,0,False,0.0,751,1353.0,1367.0,14.0
1,normal,none,0,False,0.0,757,1364.0,1369.0,5.0
1,normal,none,0,False,0.0,649,1170.0,1370.0,200.0
1,normal,none,0,False,0.0,744,1341.0,1372.0,31.0
1,normal,none,0,False,0.0,707,1274.0,1376.0,102.0
1,normal,none,0,False,0.0,611,1101.0,1378.0,277.0
1,normal,none,0,False,0.0,722,1301.0,1381.0,80.0
1,normal,none,0,False,0.0,660,1189.0,1382.0,193.0
1,normal,none,0,False,0.0,753,1357.0,1382.0,25.0
1,normal,none,0,False,0.0,689,1242.0,1383.0,141.0
1,normal,none,0,False,0.0,712,1284.0,1383.0,99.0
1,normal,none,0,False,0.0,723,1303.0,1385.0,82.0
1,normal,none,0,False,0.0,678,1222.0,1386.0,164.0
1,normal,none,0,False,0.0,706,1272.0,1386.0,114.0
1,normal,none,0,False,0.0,710,1279.0,1386.0,107.0
1,normal,none,0,False,0.0,704,1269.0,1394.0,125.0
1,normal,none,0,False,0.0,762,1373.0,1403.0,30.0
1,normal,none,0,False,0.0,700,1261.0,1404.0,143.0
1,normal,none,0,False,0.0,750,1351.0,1405.0,54.0
1,normal,none,0,False,0.0,595,1072.0,1407.0,335.0
1,normal,none,0,False,0.0,673,1213.0,1408.0,195.0
1,normal,none,0,False,0.0,666,1200.0,1410.0,210.0
1,normal,none,0,False,0.0,672,1211.0,1411.0,200.0
1,normal,none,0,False,0.0,724,1305.0,1411.0,106.0
1,normal,none,0,False,0.0,701,1263.0,1414.0,151.0
1,normal,none,0,False,0.0,719,1296.0,1423.0,127.0
1,normal,none,0,False,0.0,711,1281.0,1426.0,145.0
1,normal,none,0,False,0.0,767,1382.0,1426.0,44.0
1,normal,none,0,False,0.0,681,1227.0,1428.0,201.0
1,normal,none,0,False,0.0,646,1170.0,1429.0,259.0
1,normal,none,0,False,0.0,756,1370.0,1430.0,60.0
1,normal,none,0,False,0.0,654,1179.0,1431.0,252.0
1,normal,none,0,False,0.0,738,1330.0,1432.0,102.0
1,normal,none,0,False,0.0,749,1350.0,1433.0,83.0
1,normal,none,0,False,0.0,785,1414.0,1433.0,19.0
1,normal,none,0,False,0.0,613,1109.0,1435.0,326.0
1,normal,none,0,False,0.0,693,1255.0,1436.0,181.0
1,normal,none,0,False,0.0,721,1304.0,1440.0,136.0
1,normal,none,0,False,0.0,688,1243.0,1444.0,201.0
1,normal,none,0,False,0.0,714,1311.0,1447.0,136.0
1,normal,none,0,False,0.0,782,1409.0,1447.0,38.0
1,normal,none,0,False,0.0,708,1276.0,1448.0,172.0
1,normal,none,0,False,0.0,741,1335.0,1448.0,113.0
1,normal,none,0,False,0.0,740,1333.0,1450.0,117.0
1,normal,none,0,False,0.0,694,1252.0,1452.0,200.0
1,normal,none,0,False,0.0,786,1417.0,1455.0,38.0
1,normal,none,0,False,0.0,729,1314.0,1458.0,144.0
1,normal,none,0,False,0.0,797,1436.0,1458.0,22.0
1,normal,none,0,False,0.0,664,1199.0,1460.0,261.0
1,normal,none,0,False,0.0,731,1317.0,1460.0,143.0
1,normal,none,0,False,0.0,781,1407.0,1461.0,54.0
1,normal,none,0,False,0.0,758,1366.0,1465.0,99.0
1,normal,none,0,False,0.0,773,1393.0,1469.0,76.0
1,normal,none,0,False,0.0,726,1308.0,1470.0,162.0
1,normal,none,0,False,0.0,769,1386.0,1473.0,87.0
1,normal,none,0,False,0.0,788,1424.0,1474.0,50.0
1,normal,none,0,False,0.0,800,1441.0,1474.0,33.0
1,normal,none,0,False,0.0,745,1355.0,1477.0,122.0
1,normal,none,0,False,0.0,682,1229.0,1480.0,251.0
1,normal,none,0,False,0.0,686,1236.0,1482.0,246.0
1,normal,none,0,False,0.0,733,1321.0,1482.0,161.0
1,normal,none,0,False,0.0,754,1359.0,1489.0,130.0
1,normal,none,0,False,0.0,727,1311.0,1490.0,179.0
1,normal,none,0,False,0.0,774,1402.0,1493.0,91.0
1,normal,none,0,False,0.0,794,1433.0,1494.0,61.0
1,normal,none,0,False,0.0,747,1346.0,1497.0,151.0
1,normal,none,0,False,0.0,732,1319.0,1498.0,179.0
1,normal,none,0,False,0.0,739,1332.0,1500.0,168.0
1,normal,none,0,False,0.0,803,1447.0,1500.0,53.0
1,normal,none,0,False,0.0,796,1435.0,1502.0,67.0
1,normal,none,0,False,0.0,743,1339.0,1503.0,164.0
1,normal,none,0,False,0.0,734,1323.0,1506.0,183.0
1,normal,none,0,False,0.0,746,1344.0,1514.0,170.0
1,normal,none,0,False,0.0,810,1481.0,1518.0,37.0
1,normal,none,0,False,0.0,802,1445.0,1520.0,75.0
1,normal,none,0,False,0.0,820,1477.0,1520.0,43.0
1,normal,none,0,False,0.0,709,1278.0,1522.0,244.0
1,normal,none,0,False,0.0,755,1360.0,1524.0,164.0
1,normal,none,0,False,0.0,736,1326.0,1525.0,199.0
1,normal,none,0,False,0.0,776,1398.0,1525.0,127.0
1,normal,none,0,False,0.0,808,1474.0,1526.0,52.0
1,normal,none,0,False,0.0,742,1338.0,1529.0,191.0
1,normal,none,0,False,0.0,770,1429.0,1532.0,103.0
1,normal,none,0,False,0.0,772,1391.0,1533.0,142.0
1,normal,none,0,False,0.0,659,1188.0,1534.0,346.0
1,normal,none,0,False,0.0,715,1288.0,1534.0,246.0
1,normal,none,0,False,0.0,748,1348.0,1536.0,188.0
1,normal,none,0,False,0.0,792,1427.0,1546.0,119.0
1,normal,none,0,False,0.0,783,1415.0,1549.0,134.0
1,normal,none,0,False,0.0,828,1494.0,1550.0,56.0
1,normal,none,0,False,0.0,768,1387.0,1552.0,165.0
1,normal,none,0,False,0.0,817,1472.0,1554.0,82.0
1,normal,none,0,False,0.0,839,1512.0,1554.0,42.0
1,normal,none,0,False,0.0,779,1404.0,1559.0,155.0
1,normal,none,0,False,0.0,784,1413.0,1559.0,146.0
1,normal,none,0,False,0.0,835,1504.0,1560.0,56.0
1,normal,none,0,False,0.0,775,1396.0,1564.0,168.0
1,normal,none,0,False,0.0,804,1450.0,1566.0,116.0
1,normal,none,0,False,0.0,760,1373.0,1567.0,194.0
1,normal,none,0,False,0.0,759,1368.0,1568.0,200.0
1,normal,none,0,False,0.0,766,1380.0,1569.0,189.0
1,normal,none,0,False,0.0,806,1452.0,1571.0,119.0
1,normal,none,0,False,0.0,824,1485.0,1571.0,86.0
1,normal,none,0,False,0.0,836,1506.0,1571.0,65.0
1,normal,none,0,False,0.0,805,1450.0,1572.0,122.0
1,normal,none,0,False,0.0,761,1371.0,1573.0,202.0
1,normal,none,0,False,0.0,789,1422.0,1573.0,151.0
1,normal,none,0,False,0.0,821,1479.0,1573.0,94.0
1,normal,none,0,False,0.0,822,1481.0,1573.0,92.0
1,normal,none,0,False,0.0,737,1331.0,1578.0,247.0
1,normal,none,0,False,0.0,816,1470.0,1578.0,108.0
1,normal,none,0,False,0.0,818,1474.0,1579.0,105.0
1,normal,none,0,False,0.0,716,1290.0,1581.0,291.0
1,normal,none,0,False,0.0,725,1306.0,1581.0,275.0
1,normal,none,0,False,0.0,763,1378.0,1584.0,206.0
1,normal,none,0,False,0.0,787,1418.0,1584.0,166.0
1,normal,none,0,False,0.0,778,1402.0,1585.0,183.0
1,normal,none,0,False,0.0,801,1443.0,1585.0,142.0
1,normal,none,0,False,0.0,865,1558.0,1586.0,28.0
1,normal,none,0,False,0.0,807,1454.0,1589.0,135.0
1,normal,none,0,False,0.0,765,1378.0,1591.0,213.0
1,normal,none,0,False,0.0,838,1511.0,1595.0,84.0
1,normal,none,0,False,0.0,864,1557.0,1596.0,39.0
1,normal,none,0,False,0.0,764,1377.0,1597.0,220.0
1,normal,none,0,False,0.0,790,1423.0,1598.0,175.0
1,normal,none,0,False,0.0,856,1542.0,1601.0,59.0
1,normal,none,0,False,0.0,837,1511.0,1603.0,92.0
1,normal,none,0,False,0.0,771,1389.0,1604.0,215.0
1,normal,none,0,False,0.0,798,1438.0,1605.0,167.0
1,normal,none,0,False,0.0,832,1499.0,1606.0,107.0
1,normal,none,0,False,0.0,752,1355.0,1610.0,255.0
1,normal,none,0,False,0.0,799,1450.0,1610.0,160.0
1,normal,none,0,False,0.0,812,1463.0,1615.0,152.0
1,normal,none,0,False,0.0,853,1548.0,1615.0,67.0
1,normal,none,0,False,0.0,780,1405.0,1618.0,213.0
1,normal,none,0,False,0.0,777,1409.0,1619.0,210.0
1,normal,none,0,False,0.0,834,1503.0,1621.0,118.0
1,normal,none,0,False,0.0,866,1560.0,1621.0,61.0
1,normal,none,0,False,0.0,829,1494.0,1627.0,133.0
1,normal,none,0,False,0.0,860,1549.0,1627.0,78.0
1,normal,none,0,False,0.0,815,1474.0,1630.0,156.0
1,normal,none,0,False,0.0,863,1555.0,1631.0,76.0
1,normal,none,0,False,0.0,873,1573.0,1632.0,59.0
1,normal,none,0,False,0.0,879,1584.0,1633.0,49.0
1,normal,none,0,False,0.0,854,1539.0,1634.0,95.0
1,normal,none,0,False,0.0,809,1458.0,1635.0,177.0
1,normal,none,0,False,0.0,848,1528.0,1636.0,108.0
1,normal,none,0,False,0.0,892,1607.0,1638.0,31.0
1,normal,none,0,False,0.0,814,1467.0,1640.0,173.0
1,normal,none,0,False,0.0,849,1530.0,1641.0,111.0
1,normal,none,0,False,0.0,811,1461.0,1642.0,181.0
1,normal,none,0,False,0.0,813,1465.0,1642.0,177.0
1,normal,none,0,False,0.0,867,1562.0,1646.0,84.0
1,normal,none,0,False,0.0,886,1596.0,1649.0,53.0
1,normal,none,0,False,0.0,885,1594.0,1650.0,56.0
1,normal,none,0,False,0.0,793,1431.0,1651.0,220.0
1,normal,none,0,False,0.0,859,1558.0,1653.0,95.0
1,normal,none,0,False,0.0,880,1586.0,1654.0,68.0
1,normal,none,0,False,0.0,887,1598.0,1657.0,59.0
1,normal,none,0,False,0.0,858,1563.0,1659.0,96.0
1,normal,none,0,False,0.0,895,1612.0,1663.0,51.0
1,normal,none,0,False,0.0,841,1528.0,1664.0,136.0
1,normal,none,0,False,0.0,791,1425.0,1677.0,252.0
1,normal,none,0,False,0.0,833,1502.0,1677.0,175.0
1,normal,none,0,False,0.0,851,1534.0,1677.0,143.0
1,normal,none,0,False,0.0,850,1531.0,1681.0,150.0
1,normal,none,0,False,0.0,852,1535.0,1686.0,151.0
1,normal,none,0,False,0.0,720,1297.0,1689.0,392.0
1,normal,none,0,False,0.0,830,1495.0,1690.0,195.0
1,normal,none,0,False,0.0,922,1661.0,1691.0,30.0
1,normal,none,0,False,0.0,831,1497.0,1693.0,196.0
1,normal,none,0,False,0.0,921,1659.0,1694.0,35.0
1,normal,none,0,False,0.0,795,1432.0,1695.0,263.0
1,normal,none,0,False,0.0,870,1567.0,1697.0,130.0
1,normal,none,0,False,0.0,884,1597.0,1699.0,102.0
1,normal,none,0,False,0.0,843,1522.0,1701.0,179.0
1,normal,none,0,False,0.0,823,1483.0,1702.0,219.0
1,normal,none,0,False,0.0,857,1544.0,1702.0,158.0
1,normal,none,0,False,0.0,869,1566.0,1703.0,137.0
1,normal,none,0,False,0.0,826,1488.0,1705.0,217.0
1,normal,none,0,False,0.0,883,1591.0,1706.0,115.0
1,normal,none,0,False,0.0,847,1526.0,1707.0,181.0
1,normal,none,0,False,0.0,878,1582.0,1708.0,126.0
1,normal,none,0,False,0.0,855,1548.0,1711.0,163.0
1,normal,none,0,False,0.0,919,1656.0,1711.0,55.0
1,normal,none,0,False,0.0,871,1569.0,1714.0,145.0
1,normal,none,0,False,0.0,903,1627.0,1714.0,87.0
1,normal,none,0,False,0.0,819,1478.0,1715.0,237.0
1,normal,none,0,False,0.0,897,1616.0,1715.0,99.0
1,normal,none,0,False,0.0,868,1564.0,1720.0,156.0
1,normal,none,0,False,0.0,872,1571.0,1723.0,152.0
1,normal,none,0,False,0.0,908,1636.0,1724.0,88.0
1,normal,none,0,False,0.0,890,1603.0,1725.0,122.0
1,normal,none,0,False,0.0,912,1643.0,1726.0,83.0
1,normal,none,0,False,0.0,918,1654.0,1730.0,76.0
1,normal,none,0,False,0.0,877,1580.0,1732.0,152.0
1,normal,none,0,False,0.0,914,1647.0,1734.0,87.0
1,normal,none,0,False,0.0,900,1621.0,1737.0,116.0
1,normal,none,0,False,0.0,882,1589.0,1738.0,149.0
1,normal,none,0,False,0.0,844,1521.0,1739.0,218.0
1,normal,none,0,False,0.0,874,1575.0,1739.0,164.0
1,normal,none,0,False,0.0,905,1630.0,1740.0,110.0
1,normal,none,0,False,0.0,827,1490.0,1745.0,255.0
1,normal,none,0,False,0.0,842,1517.0,1747.0,230.0
1,normal,none,0,False,0.0,910,1639.0,1750.0,111.0
1,normal,none,0,False,0.0,932,1679.0,1750.0,71.0
1,normal,none,0,False,0.0,893,1609.0,1751.0,142.0
1,normal,none,0,False,0.0,960,1729.0,1751.0,22.0
1,normal,none,0,False,0.0,862,1553.0,1758.0,205.0
1,normal,none,0,False,0.0,875,1579.0,1758.0,179.0
1,normal,none,0,False,0.0,958,1729.0,1763.0,34.0
1,normal,none,0,False,0.0,917,1652.0,1765.0,113.0
1,normal,none,0,False,0.0,845,1522.0,1769.0,247.0
1,normal,none,0,False,0.0,973,1753.0,1769.0,16.0
1,normal,none,0,False,0.0,909,1638.0,1772.0,134.0
1,normal,none,0,False,0.0,925,1666.0,1776.0,110.0
1,normal,none,0,False,0.0,902,1625.0,1777.0,152.0
1,normal,none,0,False,0.0,825,1486.0,1778.0,292.0
1,normal,none,0,False,0.0,961,1731.0,1779.0,48.0
1,normal,none,0,False,0.0,899,1620.0,1788.0,168.0
1,normal,none,0,False,0.0,926,1676.0,1789.0,113.0
1,normal,none,0,False,0.0,913,1645.0,1791.0,146.0
1,normal,none,0,False,0.0,966,1740.0,1792.0,52.0
1,normal,none,0,False,0.0,840,1520.0,1795.0,275.0
1,normal,none,0,False,0.0,896,1617.0,1797.0,180.0
1,normal,none,0,False,0.0,894,1611.0,1799.0,188.0
1,normal,none,0,False,0.0,946,1704.0,1800.0,96.0
1,normal,none,0,False,0.0,861,1551.0,1802.0,251.0
1,normal,none,0,False,0.0,923,1663.0,1802.0,139.0
1,normal,none,0,False,0.0,944,1701.0,1802.0,101.0
1,normal,none,0,False,0.0,947,1709.0,1803.0,94.0
1,normal,none,0,False,0.0,972,1751.0,1803.0,52.0
1,normal,none,0,False,0.0,876,1578.0,1804.0,226.0
1,normal,none,0,False,0.0,846,1524.0,1806.0,282.0
1,normal,none,0,False,0.0,901,1623.0,1806.0,183.0
1,normal,none,0,False,0.0,983,1772.0,1808.0,36.0
1,normal,none,0,False,0.0,951,1713.0,1810.0,97.0
1,normal,none,0,False,0.0,888,1600.0,1811.0,211.0
1,normal,none,0,False,0.0,928,1672.0,1812.0,140.0
1,normal,none,0,False,0.0,965,1738.0,1813.0,75.0
1,normal,none,0,False,0.0,904,1629.0,1815.0,186.0
1,normal,none,0,False,0.0,889,1602.0,1816.0,214.0
1,normal,none,0,False,0.0,979,1764.0,1819.0,55.0
1,normal,none,0,False,0.0,981,1768.0,1819.0,51.0
1,normal,none,0,False,0.0,984,1773.0,1819.0,46.0
1,normal,none,0,False,0.0,898,1620.0,1822.0,202.0
1,normal,none,0,False,0.0,881,1587.0,1826.0,239.0
1,normal,none,0,False,0.0,975,1756.0,1829.0,73.0
1,normal,none,0,False,0.0,916,1650.0,1830.0,180.0
1,normal,none,0,False,0.0,938,1690.0,1831.0,141.0
1,normal,none,0,False,0.0,977,1760.0,1832.0,72.0
1,normal,none,0,False,0.0,994,1791.0,1841.0,50.0
1,normal,none,0,False,0.0,907,1664.0,1842.0,178.0
1,normal,none,0,False,0.0,911,1641.0,1845.0,204.0
1,normal,none,0,False,0.0,937,1688.0,1846.0,158.0
1,normal,none,0,False,0.0,976,1758.0,1846.0,88.0
1,normal,none,0,False,0.0,915,1650.0,1862.0,212.0
1,normal,none,0,False,0.0,920,1657.0,1864.0,207.0
1,normal,none,0,False,0.0,945,1702.0,1871.0,169.0
1,normal,none,0,False,0.0,942,1697.0,1873.0,176.0
1,normal,none,0,False,0.0,936,1686.0,1875.0,189.0
1,normal,none,0,False,0.0,924,1665.0,1876.0,211.0
1,normal,none,0,False,0.0,956,1730.0,1877.0,147.0
1,normal,none,0,False,0.0,991,1788.0,1881.0,93.0
1,normal,none,0,False,0.0,953,1720.0,1883.0,163.0
1,normal,none,0,False,0.0,941,1695.0,1886.0,191.0
1,normal,none,0,False,0.0,963,1735.0,1889.0,154.0
1,normal,none,0,False,0.0,970,1747.0,1892.0,145.0
1,normal,none,0,False,0.0,986,1776.0,1892.0,116.0
1,normal,none,0,False,0.0,999,1800.0,1893.0,93.0
1,normal,none,0,False,0.0,985,1774.0,1897.0,123.0
1,normal,none,0,False,0.0,927,1670.0,1905.0,235.0
1,normal,none,0,False,0.0,939,1692.0,1907.0,215.0
1,normal,none,0,False,0.0,964,1737.0,1908.0,171.0
1,normal,none,0,False,0.0,987,1867.0,1911.0,44.0
1,normal,none,0,False,0.0,943,1699.0,1912.0,213.0
1,normal,none,0,False,0.0,993,1789.0,1913.0,124.0
1,normal,none,0,False,0.0,954,1730.0,1915.0,185.0
1,normal,none,0,False,0.0,930,1675.0,1917.0,242.0
1,normal,none,0,False,0.0,935,1684.0,1922.0,238.0
1,normal,none,0,False,0.0,950,1713.0,1922.0,209.0
1,normal,none,0,False,0.0,933,1681.0,1923.0,242.0
1,normal,none,0,False,0.0,992,1790.0,1923.0,133.0
1,normal,none,0,False,0.0,957,1724.0,1925.0,201.0
1,normal,none,0,False,0.0,949,1710.0,1927.0,217.0
1,normal,none,0,False,0.0,952,1715.0,1927.0,212.0
1,normal,none,0,False,0.0,969,1746.0,1927.0,181.0
1,normal,none,0,False,0.0,980,1765.0,1928.0,163.0
1,normal,none,0,False,0.0,968,1744.0,1930.0,186.0
1,normal,none,0,False,0.0,997,1796.0,1931.0,135.0
1,normal,none,0,False,0.0,934,1683.0,1934.0,251.0
1,normal,none,0,False,0.0,948,1713.0,1934.0,221.0
1,normal,none,0,False,0.0,978,1762.0,1937.0,175.0
1,normal,none,0,False,0.0,929,1674.0,1941.0,267.0
1,normal,none,0,False,0.0,891,1605.0,1947.0,342.0
1,normal,none,0,False,0.0,990,1783.0,1948.0,165.0
1,normal,none,0,False,0.0,906,1632.0,1965.0,333.0
1,normal,none,0,False,0.0,931,1677.0,1968.0,291.0
1,normal,none,0,False,0.0,988,1780.0,1980.0,200.0
1,normal,none,0,False,0.0,955,1720.0,1983.0,263.0
1,normal,none,0,False,0.0,959,1728.0,1985.0,257.0
1,normal,none,0,False,0.0,971,1783.0,1987.0,204.0
1,normal,none,0,False,0.0,962,1735.0,1988.0,253.0
1,normal,none,0,False,0.0,982,1770.0,1992.0,222.0
1,normal,none,0,False,0.0,998,1798.0,1996.0,198.0
1,normal,none,0,False,0.0,940,1693.0,2004.0,311.0
1,normal,none,0,False,0.0,974,1755.0,2012.0,257.0
1,normal,none,0,False,0.0,995,1794.0,2027.0,233.0
1,normal,none,0,False,0.0,989,1782.0,2033.0,251.0
1,normal,none,0,False,0.0,967,1742.0,2068.0,326.0
1,normal,none,0,False,0.0,996,1794.0,2087.0,293.0
1,normal,smart_phase,10,True,50.0,0,1.0,16.0,15.0
1,normal,smart_phase,10,True,50.0,13,25.0,46.0,21.0
1,normal,smart_phase,10,True,50.0,8,16.0,57.0,41.0
1,normal,smart_phase,10,True,50.0,4,9.0,58.0,49.0
1,normal,smart_phase,10,True,50.0,19,36.0,72.0,36.0
1,normal,smart_phase,10,True,50.0,31,57.0,89.0,32.0
1,normal,smart_phase,10,True,50.0,36,66.0,90.0,24.0
1,normal,smart_phase,10,True,50.0,40,73.0,90.0,17.0
1,normal,smart_phase,10,True,50.0,30,55.0,93.0,38.0
1,normal,smart_phase,10,True,50.0,53,97.0,105.0,8.0
1,normal,smart_phase,10,True,50.0,3,7.0,106.0,99.0
1,normal,smart_phase,10,True,50.0,26,48.0,108.0,60.0
1,normal,smart_phase,10,True,50.0,10,19.0,113.0,94.0
1,normal,smart_phase,10,True,50.0,34,63.0,123.0,60.0
1,normal,smart_phase,10,True,50.0,49,90.0,123.0,33.0
1,normal,smart_phase,10,True,50.0,59,108.0,123.0,15.0
1,normal,smart_phase,10,True,50.0,62,116.0,125.0,9.0
1,normal,smart_phase,10,True,50.0,1,3.0,126.0,123.0
1,normal,smart_phase,10,True,50.0,21,39.0,126.0,87.0
1,normal,smart_phase,10,True,50.0,44,81.0,127.0,46.0
1,normal,smart_phase,10,True,50.0,18,34.0,129.0,95.0
1,normal,smart_phase,10,True,50.0,72,131.0,134.0,3.0
1,normal,smart_phase,10,True,50.0,56,102.0,137.0,35.0
1,normal,smart_phase,10,True,50.0,22,41.0,138.0,97.0
1,normal,smart_phase,10,True,50.0,48,88.0,140.0,52.0
1,normal,smart_phase,10,True,50.0,32,60.0,142.0,82.0
1,normal,smart_phase,10,True,50.0,63,115.0,145.0,30.0
1,normal,smart_phase,10,True,50.0,51,93.0,147.0,54.0
1,normal,smart_phase,10,True,50.0,27,52.0,149.0,97.0
1,normal,smart_phase,10,True,50.0,46,84.0,153.0,69.0
1,normal,smart_phase,10,True,50.0,15,28.0,154.0,126.0
1,normal,smart_phase,10,True,50.0,38,70.0,156.0,86.0
1,normal,smart_phase,10,True,50.0,58,106.0,156.0,50.0
1,normal,smart_phase,10,True,50.0,17,32.0,157.0,125.0
1,normal,smart_phase,10,True,50.0,45,82.0,164.0,82.0
1,normal,smart_phase,10,True,50.0,57,104.0,164.0,60.0
1,normal,smart_phase,10,True,50.0,42,77.0,166.0,89.0
1,normal,smart_phase,10,True,50.0,24,45.0,167.0,122.0
1,normal,smart_phase,10,True,50.0,85,154.0,167.0,13.0
1,normal,smart_phase,10,True,50.0,7,14.0,171.0,157.0
1,normal,smart_phase,10,True,50.0,60,113.0,178.0,65.0
1,normal,smart_phase,10,True,50.0,33,61.0,180.0,119.0
1,normal,smart_phase,10,True,50.0,81,147.0,190.0,43.0
1,normal,smart_phase,10,True,50.0,23,43.0,192.0,149.0
1,normal,smart_phase,10,True,50.0,88,182.0,197.0,15.0
1,normal,smart_phase,10,True,50.0,73,133.0,199.0,66.0
1,normal,smart_phase,10,True,50.0,37,68.0,201.0,133.0
1,normal,smart_phase,10,True,50.0,55,100.0,201.0,101.0
1,normal,smart_phase,10,True,50.0,12,24.0,203.0,179.0
1,normal,smart_phase,10,True,50.0,80,145.0,206.0,61.0
1,normal,smart_phase,10,True,50.0,61,111.0,209.0,98.0
1,normal,smart_phase,10,True,50.0,6,12.0,214.0,202.0
1,normal,smart_phase,10,True,50.0,99,180.0,214.0,34.0
1,normal,smart_phase,10,True,50.0,102,186.0,214.0,28.0
1,normal,smart_phase,10,True,50.0,9,18.0,215.0,197.0
1,normal,smart_phase,10,True,50.0,69,126.0,215.0,89.0
1,normal,smart_phase,10,True,50.0,103,187.0,215.0,28.0
1,normal,smart_phase,10,True,50.0,35,64.0,217.0,153.0
1,normal,smart_phase,10,True,50.0,52,95.0,217.0,122.0
1,normal,smart_phase,10,True,50.0,2,5.0,222.0,217.0
1,normal,smart_phase,10,True,50.0,71,129.0,226.0,97.0
1,normal,smart_phase,10,True,50.0,109,198.0,227.0,29.0
1,normal,smart_phase,10,True,50.0,75,136.0,228.0,92.0
1,normal,smart_phase,10,True,50.0,39,72.0,230.0,158.0
1,normal,smart_phase,10,True,50.0,29,54.0,233.0,179.0
1,normal,smart_phase,10,True,50.0,83,152.0,235.0,83.0
1,normal,smart_phase,10,True,50.0,5,10.0,236.0,226.0
1,normal,smart_phase,10,True,50.0,47,86.0,248.0,162.0
1,normal,smart_phase,10,True,50.0,90,163.0,250.0,87.0
1,normal,smart_phase,10,True,50.0,20,37.0,251.0,214.0
1,normal,smart_phase,10,True,50.0,43,79.0,255.0,176.0
1,normal,smart_phase,10,True,50.0,50,91.0,255.0,164.0
1,normal,smart_phase,10,True,50.0,105,190.0,255.0,65.0
1,normal,smart_phase,10,True,50.0,84,153.0,256.0,103.0
1,normal,smart_phase,10,True,50.0,79,144.0,259.0,115.0
1,normal,smart_phase,10,True,50.0,16,30.0,260.0,230.0
1,normal,smart_phase,10,True,50.0,104,189.0,264.0,75.0
1,normal,smart_phase,10,True,50.0,146,264.0,265.0,1.0
1,normal,smart_phase,10,True,50.0,64,117.0,266.0,149.0
1,normal,smart_phase,10,True,50.0,110,199.0,270.0,71.0
1,normal,smart_phase,10,True,50.0,68,124.0,273.0,149.0
1,normal,smart_phase,10,True,50.0,66,120.0,279.0,159.0
1,normal,smart_phase,10,True,50.0,101,183.0,282.0,99.0
1,normal,smart_phase,10,True,50.0,94,171.0,284.0,113.0
1,normal,smart_phase,10,True,50.0,117,212.0,285.0,73.0
1,normal,smart_phase,10,True,50.0,123,223.0,285.0,62.0
1,normal,smart_phase,10,True,50.0,54,99.0,288.0,189.0
1,normal,smart_phase,10,True,50.0,65,118.0,291.0,173.0
1,normal,smart_phase,10,True,50.0,140,253.0,292.0,39.0
1,normal,smart_phase,10,True,50.0,144,261.0,294.0,33.0
1,normal,smart_phase,10,True,50.0,107,194.0,295.0,101.0
1,normal,smart_phase,10,True,50.0,141,255.0,296.0,41.0
1,normal,smart_phase,10,True,50.0,91,165.0,300.0,135.0
1,normal,smart_phase,10,True,50.0,116,246.0,300.0,54.0
1,normal,smart_phase,10,True,50.0,158,286.0,302.0,16.0
1,normal,smart_phase,10,True,50.0,67,122.0,303.0,181.0
1,normal,smart_phase,10,True,50.0,92,167.0,308.0,141.0
1,normal,smart_phase,10,True,50.0,143,259.0,308.0,49.0
1,normal,smart_phase,10,True,50.0,142,257.0,309.0,52.0
1,normal,smart_phase,10,True,50.0,156,282.0,309.0,27.0
1,normal,smart_phase,10,True,50.0,120,217.0,311.0,94.0
1,normal,smart_phase,10,True,50.0,97,176.0,312.0,136.0
1,normal,smart_phase,10,True,50.0,28,52.0,314.0,262.0
1,normal,smart_phase,10,True,50.0,41,75.0,316.0,241.0
1,normal,smart_phase,10,True,50.0,11,21.0,319.0,298.0
1,normal,smart_phase,10,True,50.0,78,142.0,322.0,180.0
1,normal,smart_phase,10,True,50.0,82,149.0,323.0,174.0
1,normal,smart_phase,10,True,50.0,161,291.0,323.0,32.0
1,normal,smart_phase,10,True,50.0,14,27.0,326.0,299.0
1,normal,smart_phase,10,True,50.0,133,244.0,326.0,82.0
1,normal,smart_phase,10,True,50.0,127,230.0,327.0,97.0
1,normal,smart_phase,10,True,50.0,76,138.0,329.0,191.0
1,normal,smart_phase,10,True,50.0,112,205.0,330.0,125.0
1,normal,smart_phase,10,True,50.0,89,162.0,332.0,170.0
1,normal,smart_phase,10,True,50.0,115,208.0,333.0,125.0
1,normal,smart_phase,10,True,50.0,147,266.0,334.0,68.0
1,normal,smart_phase,10,True,50.0,106,192.0,339.0,147.0
1,normal,smart_phase,10,True,50.0,153,314.0,343.0,29.0
1,normal,smart_phase,10,True,50.0,125,226.0,344.0,118.0
1,normal,smart_phase,10,True,50.0,93,169.0,346.0,177.0
1,normal,smart_phase,10,True,50.0,96,174.0,349.0,175.0
1,normal,smart_phase,10,True,50.0,70,127.0,350.0,223.0
1,normal,smart_phase,10,True,50.0,167,302.0,351.0,49.0
